Id,First Name,Last Name,Email
1,Juan,Hernandez,luis.hernandez@example.com
2,Maria,Gonzalez,maria.gonzalez@example.com
3,Carlos,Rodriguez,carlos.rodriguez@example.com
4,Ana,Martinez,ana.martinez@example.com
5,Luis,Martinez,luis.martinez@example.com
6,Sofia,Lopez,sofia.lopez@example.com
7,Pedro,Gomez,pedro.gomez@example.com
8,Laura,Diaz,laura.diaz@example.com
9,Diego,Torres,diego.torres@example.com
10,Valeria,Ramos,valeria.ramos@example.com
11,Andres,Castro,andres.castro@example.com
12,Elena,Vargas,elena.vargas@example.com
13,Jorge,Mendoza,jorge.mendoza@example.com
14,Lucia,Ortega,lucia.ortega@example.com
15,Ricardo,Navarro,ricardo.navarro@example.com
16,Paula,Silva,paula.silva@example.com
17,Fernando,Ruiz,fernando.ruiz@example.com
18,Camila,Reyes,camila.reyes@example.com
19,Manuel,Cruz,manuel.cruz@example.com
20,Daniela,Aguilar,daniela.aguilar@example.com